,transformed_text
0,teen suspect wanted shooting death temple university student turns
1,sharing happy news girl found guruvayur thanks lot support
2,greatest hits read watch highlights website
3,major news lemniscate amp savior 20 game gift box finish tasks earn rewards see
4,looking time news reporters channels totally avoid characters
5,
6,india tour sa might pushed back one week amid omicron scare read story omicron
7,digitaltransformation enters top gear amid covid19 pandemic artificialintelligence ai emerged
8,squid game kim taehyung went viral literally everywhere trending naver main page viewed news
9,
10,new reuters chairman pfizer investor board member last year alone reuters published
11,sanches got number fans
12,well news lockout guess good time bring back live abs pros want come
13,breaking news representatives aboriginal community australia issue international plea help
14,honestly new player crypto world afraid one namely
15,welcoming dscember blast champ crypto king shapethefuture
16,crypto pyramid scheme capitalism terrible news capitalism
17,good news supergroup humpbackswhales visiting shores r
18,lesbian news december 2021 issue
19,cardinals qb kyler murray amp wr deandre hopkins since week 9 practice wednesday https
20,shut fox news awards thing hard work home molly mhm plain jane mhm
21,latest saudi employability news thanks careers interviews
22,news league amp american jewish committee condemning fox staying silent lara logan doubles
23,congratulations 71 nonprofits schools government organizations received funding fall 2021 round
24,thanks live highlighting christmas gift students great interview mr mcneill
25,fake news amp article fake news au thread taarenda
26,support scottish independence rises boris johnson government became embroiled controversy second
27,india vs new zealand 2nd test weather combination worry captain virat kohli series line team
28,breaking news mnl48 baby blue announced first single japanese market titled head
29,breaking news mnl48 baby blue announced first single japanese market titled head
30,recap men basketball downs rv northwestern behind surge battleon
31,heard neighbour telling wife rihanna pregnant fake news really spreads fast day ruined
32,former mumbai police commissioner param bir singh dismissed cop sachin waze planned bomb threat near
33,new reuters chairman pfizer investor board member last year alone reuters published
34,maja salvador andrea brillantes advocate healthy lifestyle wellness manila bulletin
35,breaking news think secure unconditional release stop rev
36,oddly press coalition represents major news orgs unsung hero j6 prosecutions
37,still little life left atmospheric river heavy rain bands passed metro vancouver
38,stocks mixed following losses wall street
39,contract signed official luffy listed one top 10 exchanges huge
40,media group publishing fake news without bothering verify report
41,kiss strangers mistletoe minister
42,look daily mail exposed megs little coven royal family destroyers bbc man
43,night flight middle east lands jkia offload cargo coffins remains
44,giveaway alewrapped present 20 busd bnb ends 3 days banknote yen sign
45,good news news says latest acquired super tucano aircrafts nigerian military destroyed
46,finally good news
47,power man red squid game kim taehyung btsv kimtaehuyng
48,un says half myanmar people could sink poverty 2022 myanmar poverty
49,rajyasabha adjourned till noon opposition protests suspension 12 mps human err
50,child used father gun kill four students school instead using legislative powers
51,explosion heard kabul thursday reported xinhua news agency
52,mlb owners lock players 1st work stoppage since 1995
53,australian greyhounds sent america amp asia r fed arsenic amp viagra die
54,tune save children head policy human rights lawyer interviewed
55,smoke sneakyscott private quarantine scheme could soon bring skilled workers students
56,boris johnson quizzed lockdown christmas party claim pmqs
57,breaking update 3 goes live tomorrow battlefield2042 gameplay alone
58,huge news liquidity bootstrapping fair launch available beethoven
59,one four women say groomed sex ghislaine maxwell testifies jeffrey epstein took
60,absolute worst news ever
61,breaking news ardx today biggest stock movers 10 top gainers losers
62,lisa bloom fake news
63,kyle rittenhouse mother still asking donations cover son legal costs jury continues
64,mourn like lost loved one teased ultimately rejected attack end
65,davido fan tried using random whatsapp status update suggests wizkid o2 show free show
66,absolute bullshit peddled usual suspects morning compare sky news
67,news hunter x hunter manga returns jump september 22
68,big news heard tomorrow dr ethvil looking franken buts next
69,finally got news lisa jisoo thank best girl jisoo indeed
70,daily telegraph altered news headline
71,important news sikhulile moyo botswanan scientist first identified omicron also gospel singer
72,vlta new article volta better ev charging station business model get
73,guys start voting exclusive news apne kaam ki nahi hai voteforpratiksehajpal pratiksehajpal pratikfam
74,know else needs go sackjavid torycorruption
75,breaking news supreme court raps kejriwal government pollution problem said done
76,info 211201 kai kim shin young noon hope visual radio say go global
77,advertiser altered news headline
78,tomorrow news today main source reuters
79,update upcoming jtbc drama unveils jung hae blackpink jisoo series set
80,military arrests biden handler mike donilon best news
81,swarm intelligence tomorrow logistics interview tobias zierhut head kion mobile automation explains
82,breaking news regiment reportedly invaded fuck forest area
83,plan policymakers washington would provide lump sum every county nation annually based
84,eight days anthony broadwater exonerated rape conviction alice sebold apologized saying
85,cfs raised gt billion series b funding commercialize clean limitless fusion energy diverse group
86,maybe wrong ion really remember posting alfredo mejia news til
87,recent news top county commissioners calling firm news
88,new plan pay farmers protect winter soil
89,stop blocking ethiopian voices blocking comment section ethiopia related reports give
90,yes hot news topic china protest organization chinese students
91,big news leading australian wastewater epidemiology lab testing wastewater virus causes
92,thinking watching stv news imagine tough without power im sure
93,school districts across metro detroit closed thursday due threats via
94,tha7a yelloveagain whistlepodu
95,tv interviews last year trump implied gold star families infected covid reception
96,breaking news rumble combine nasdaq listed cfvi
97,twice spent time video call children currently ill fulfull wish jypx edm
98,recent deep dive knew tim pool rotation
99,embattled mexican airline interjet planning return operations next year new fleet comprised 10 airbus
100,know news story
101,childrenday let us educate childs right way living lead healthy prosperous life
102,anyone else solchicksfam feel though mini calm storm moment chicks
103,artificial intelligence probably already made decisions matters
104,wont see news cnbc lol
105,good news everyone bigpay back 4x referral bonus get rm40 cashback sign code
106,let support kathniels great news lay 100 plastic neutral means every pack buy
107,zuma administration spy boss arthur fraser promised state capture inquiry would expose secrets relate
108,years advocacy australia finally get legislation could
109,thanks news uk
110,would whole news channel run twitter poll anything
111,markets new goldman ceo david solomon deputies pushing new ways juice pay
112,attention trainers new software update available pokemonbrilliantdiamond pokemonshiningpearl
113,making debut hitting road weekend full story
114,looking 2 fully funded phd students start beginning 2022 love neuroscience curious
115,new potential cancer cases missed since first lockdown uk according damning
116,prize showcase starts 2 10 pm pt 5 adventurer dragonyule ilia featured summon
117,parliament winter session data farmers death protest says govt
118,good news johnny depp minamata film receive north american release
119,luna shib new article terra luna surpasses shiba inu shib hitting new
120,think actually malpractice consider natural immunity telling every kid
121,say hello newest store content available outfit skins weapons skins tool skins much
122,current situation media bcoz showing news unemployment godi media silent
123,similar concept eternal skill came first devs got rich crashed
124,education minister alan tudge stands aside ministry former liberal staffer made fresh claims
125,good news
126,stacey abrams running georgia governor great news terrific governor even better president
127,leader accused govt taking farmers granted plea pm stop cutting essential
128,post edited josh christopher dunk vs oklahoma city thunder
129,fantastic news
130,one four women say groomed sex ghislaine maxwell testifies jeffrey epstein took
131,86 arcadia stores still empty year topshop owner collapse
132,lafayette deck pioneers
133,every 5 minutes latinx individual alabama doxxed people trying contact vehicles
134,christian broadcaster dies contracting
135,guy fake news spread kar rhe hai sab ki umarriaz eliminate hogya worry livefeed mai umar phirse towel mai
136,lightbulb finally dolphins laid foundation offense tua rpo game
137,exciting news running ca assembly running campaign deliver real
138,climatechange huge matter concern us intelligence community release report puts
139,kim seonho confident actor chose read script instead tuxedo oh strong focus
140,bts dynamite outperformed hits olivia rodrigo ariana grande
141,okex shared insights trading regulation defi recent markets pro ama ethereum ethnews crypto
142,breaking news jimin jungkook comfotable eo jikook minkook
143,cr7 itu anti swab pak pcr positive bullshit ronaldo outraged third positive
144,
145,felt raw weeks news utterly heart wrenching even comment much time
146,yes sir dunno ever know remember chinese videos people
147,hint trudeau government delayed decision huawei long canadian telecoms spent 700 million
148,pretty losliya losliyamariyanesan
149,lnp prime minister sky news breaking corruption stories
150,drill meme change join stay tuned chance win private
151,great news lay 100 plastic neutral mayward kathniel
152,ben affleck describes jennifer lopez reunion romance story
153,new phoenix firefighters highest covid rate among city employees resist vaccinations
154,hope find scum prosecute hell
155,post edited kansas city police chief rick smith talks staffing concerns neighborhood
156,facebook tiktok urged reveal many children use platforms
157,
158,uo men finish strong win goducks alwaysus
159,erm emmerson resources lifts gold resource estimate 40 chariot deposit tennant creek
160,today news shock another trump supporter arrested voter fraud
161,traditional leaders critical role shifting cultural beliefs justify
162,huge news liquidity bootstrapping fair launch available beethoven
163,bourns announces new automotive grade compliant common mode choke series dc power line
164,mass streaming event stationhead streaming tonight kst repost pub
165,india moved bowling south africa 297 day 2 second saavinda game
166,2021 kbs entertainment awards held dec 25th moon seyoon kim seong joo han sunhwa mc
167,students fined party 10 one johnson must
168,cover hollywood scandals cover news paul haggis accused rape
169,judge order hospital treat ivermectin
170,qgen new article qiagen launches version assess response
171,today news paper
172,tomorrow update 3 battlefield2042 goes live across platforms utc biggest update yet
173,giveaway alewrapped present 20 busd bnb ends 3 days banknote yen sign
174,hello sarah question heard editors different newspapers
175,lolli haws chief administrator green hills area education agency announced retire
176,news seungyoon participated audio guide recording museum enjoy exhibition without barriers https
177,time mandatory vaccination european commission chief ursula von der leyen personal position
178,know going started newspapers 40 years ago never stories
179,one million children could die starvation afghanistan coming weeks latest grim
180,worked african american talked times felt betrayed
181,sony airpeak s1 professional drone
182,bts sad news concert nearly last song army know lying bts jk
183,artificial intelligence understands object relationships dl ai ml deeplearning
184,establishment media save us establishment follow never stopped searching
185,pm horror auspol final fortnight incl standing aside pm politically
186,planned parenthood warns new abortion laws disproportionately allow black people born
187,qualcomm introduces snapdragon 8cx gen 3 snapdragon gen 3 laptop processors 85 improved
188,embattled mexican airline interjet planning return operations next year new fleet comprised
189,native forest worth logs report
190,microsoft maquette review simple spatial prototyping news xr today
191,sum jacob investigation declaring loans matt hancock may misled
192,important update shibainuclassic pcs launch time set 1030 utc 1st please read
193,time ditch term bame time labelled organisations using acronym
194,yeshu yeshu fame pastor bajinder singh admitted hospital piles treatment truth viral screenshot
195,gon na break news el
196,today news clips covering gangaputrabahuguna launched yesterday gpf
197,whatever one thinks editorial position news organization done investigate
198,national trust rspb amp wildlife trusts say brexit promises broken amp failing protect
199,breaking news supreme court raps kejriwal government pollution problem said done
200,today day 1 formal drive campaign prioritise example
201,omicron covid variant may require stringent response say sage scientists
202,deputies attempt intimidate amp harass families speak police violence families wo
203,south korean exports increase omicron approaches
204,metroid dread developer mercurysteam announces next game codenamed project iron
205,bts able attend 2021 mama
206,wonderful news partners india decades abuse gorgeous elephant deserves every bit
207,windstream enterprise released new enhancements available within sdwan fortinet managed service
208,seen aaliyah montez 22 last seen 8 28 near boulder highway russell road https
209,horrible news brenda hope catch whoever
210,terrible news cooper kupp fantasy managers appears odell beckham hurting production
211,new listing marlin pond gets listed kucoin pairs deposit open
212,grogu soars new york city memorable macy thanksgiving day parade appearance
213,mutual defense amp cooperation agreement practice time larissa air base highlighting
214,mdcat 2021 latest news mdcat 2021 reconduct latest news mdcat today via
215,disruptive use gun crowded park picket
216,meta new threat report reveals behind initial spreading fake swiss scientist wilson edwards
217,former japanese prime minister shinzo abe warns dire situation china takes military action taiwan
218,news video platform rumble go public via billion spac deal
219,winner kangseungyoon participated audio guide recording hope enjoy exhibition without barriers
220,hhs warns healthcare sector zeroday cyberattacks healthtech analytics bigdata
221,technology news solving workforce challenges advanced technology industryweek news
222,former dc mayor spokesman switches parties biden presidency voted youngkin fox news
223,new reuters chairman pfizer investor board member last year alone reuters published
224,news dablu singh killed farhan shahalam says dablu friend farhan sister farhan
225,good news para sa customers ng beneco pending resolution cases court senator urged
226,one four women say groomed sex ghislaine maxwell testifies jeffrey epstein took
227,child used father gun kill four students school instead using legislative powers
228,virus causes found quebec deer cbc news
229,everscale grants program ex freeton accepting applications sponsored bitcoin news
230,read letter commissioner
231,return illegal drug cuba confiscate destroy sahpra tells sandf https
232,getting done course classroom named nsic team full story
233,squid game kim taehyung went viral literally everywhere trending naver main page viewed news
234,prepare visit palace versailles calendar shows programmation exhibitions
235,two india shitty writer sequel flawed fabulous naina interns maya konkani mission
236,war adf planned
237,see 20 40 gains uni rlc soon crypto cryptocurrency blockchain altcoin bitcoin
238,national highway authority india nhai suffered toll losses worth crore punjab haryana rajasthan due
239,suggests chief justice rana appoint acting chief justice
240,real vs fake tree debate clear one takeaways get real tree one
241,crypto pyramid scheme capitalism terrible news capitalism
242,however lot tennis players raped right us
243,fantastic news owners foal pierro difficultly losing first
244,china media silent tennis body suspended events world economy
245,horrified sheffield mum ran gang men offered buy young daughter walked
246,news dablu singh killed farhan shahalam says dablu friend farhan sister farhan
247,breaking many doctors warning cancer crisis one year ignored censored
248,total environment centre saul dean condemns offsets parliament inquiry see saul abc news
249,well
250,know worse canadians losing track corpse count residential schools news cycle moves
251,jared ivanka try reenter polite society promptly told f k vanity fair
252,breaking news month god removing four things life hardship bad luck sickness death
253,country billion loans world bank yet latest nikkei recovery
254,exclusive news ritesh eliminated bigg boss 15 house got injured toofan kk umar
255,nbc news reported court testimony huge national interest case one first
256,scott morrison accuses labor slur home affairs contract awarded two friends
257,former president physician sean conley duty place trump isolation prevent infecting
258,bridger teton nf capitulation ranchers upper green river allotment wildlife news
259,breaking news prosecutors announce parents committed yesterday school mass
260,really crazy women tennis association credibility right interpol pushing back china
261,az repugnant journalists nothing paid activists democrat party
262,im going read congrats though sorry hear depending news mlblockout
263,news heading united states announced intention attend mama
264,see metric part world would dismiss place one great poverty
265,covid patient left dead recovers court forces hospital allow ivermectin treatment
266,rowoon solo stans stop making fake news wtf friends
267,voice guide also donate fee amazing
268,20 school shootings since schools reopened normalize gun violence robs
269,lemon coalition fights keep covidsafe app data wraps
270,scott morrison accuses labor slur home affairs contract awarded two friends
271,akhanda usa pre sales crossed 250k bigger boyapati last movie vinayavidheyarama
272,good news line work past 30 years tarot
273,former president physician sean conley duty place trump isolation prevent infecting
274,prosecutor reviews parents accused school shooter ethan crumbley face charges
275,literally started got home pm finishing final episode needed news
276,kim taehyung purple much
277,profoundly silly people call china imperialist power thanks us imperialism laos became bombed
278,strong nsic team full story goldstandard
279,3 begum husband abdul momin converted hindu girl muslim complaint filed lovejihad
280,macau suncity casino operator shut vip rooms following arrest ceo alvin chau suspicion
281,one reason hate fox news foxfakenews
282,brexit britain huge win norway deal comes boost trade cut red tape
283,hong kong school pupils taught love motherland new rules guiding teaching china
284,people escape howard springs covid quarantine facility near darwin
285,some1 frm pmo shd putting call relevant govt officials india 2nd largest mkt
286,read letter commissioner
287,barnier talking journalist ferjou atlantico course lessons learned
288,great news solved sudoku puzzle yet easily solve little guide
289,ohh really good news
290,everyone start cancelling cable service missed week
291,residents mamc boycott opd assisted services friday owing delayed neet pg counselling
292,downloaded news groups got ta watch point
293,last time saw video racial abuse like main stream news
294,sending large fruit wine basket bc brought right rumble
295,definitely taking notes kathryn achieve good skin watch
296,joe rogan 1 podcast 2021 spotify podcast news roundup
297,yet another popular product house tesla
298,altaf razvi sabeqa mlc aimim demand telangana govt arrest two maloon wasim amp shakeel ahmed bt
299,modified mashing process grains produce quality beers join 31st
300,kucoin spot margin futures trading system upgrade completed 1202
301,cruz blocking biden nominees trying get biden stop surrendering enemies
302,breaking photojournalist sean locked account targeted
303,awesome man great news
304,new another federal judge says trump allies stoked flames fear discontent helped fuel
305,current situation media bcoz showing news unemployment godi media silent
306,catch bright bold news today excited announce upcoming ido lzpad
307,ragheed syria longest serving prisoner arrested 1981 hafez regime day
308,reply questioners say shall find news word allah exalted
309,read
310,kalkinemediacomau steep falls tech shares drag asx 200 lower published wor agl
311,overnight news australia alex carey confirmed wicketkeeper gabba reports hobart tipped host 5th
312,piqued interest went agoogling amp found worth read ten years amp things
313,good news
314,thailand banking crypto tourism plus huobi new hq outside mainland china details today
315,mdcat 2021 latest news mdcat 2021 reconduct latest news mdcat today via
316,justiceforrailwaystudents crossed tweets media news paper seen 1 tweet
317,good luck safedrive drive driveisaping
318,share good news know genuinely happy
319,long interview anthropologist ikeya kazunobu national museum ethnology golden kamuy
320,breaking news mnl48 baby blue announced first single japanese market titled head
321,cy young winners team done full list
322,update upcoming jtbc drama unveils jung hae blackpink jisoo series set
323,explosion heard kabul thursday reported xinhua news agency
324,meet today review omicron rules airports read
325,choose right mobile phones
326,4 kids died 1 school covid would news 4 lives lost school shooting amp barely word
327,today highlights dm info forex trading forextrading fx trader highlights news usd eurusd audjpy
328,think messed share someone else life events shared yet pregnancy engagements
329,maltainc corp partners rollout energystorage technology
330,breaking photojournalist sean locked account targeted
331,huge news liquidity bootstrapping fair launch available beethoven
332,zuma administration spy boss arthur fraser promised state capture inquiry would expose secrets relate
333,huge news liquidity bootstrapping fair launch available beethoven
334,drill meme change join stay tuned chance win private
335,supreme court carefully consider pros cons baby murder
336,vaccine damage payment scheme claim successful seem much
337,new reuters chairman pfizer investor board member last year alone reuters published
338,almost 90 people hospitalised tshwane vaccinated nicd news24
339,fedex driver dumped packages alabama ravine least six times authorities say
340,air pollution feel nothing happening spite air pollution levels rising supreme
341,schedule news thursday game washington postponed due impacts within huskies program
342,hawks seize cocaine worth r240 million durban harbour
343,festival feature music acts representatives several countries including philippines
344,crook sellers removed section contract fine print standard home sale agreement
345,boyz tomorrow together performance showdown mma2021 mma21 broadcast live 4 dec
346,know going started newspapers 40 years ago never stories
347,2 american christian minister spread misinformation dies marcus
348,2021aaa ive wonyoung super junior leeteuk mc asia artist awards happening tonight source
349,4 kids died 1 school covid would news 4 lives lost school shooting amp barely word
350,huge news liquidity bootstrapping fair launch available beethoven
351,amen finally good news shared last week happy see amp healthy amp recovered
352,reply questioners say shall find news word allah
353,exports billion november trade deficit hits record billion read
354,new plan pay farmers protect winter soil
355,shiblambo powerful faithful crypto potential 100 x god bless team
356,gratified response story went bit limb page views thousands
357,breaking news ctek regional health system signs new agreement cynergistek
358,judge order hospital treat ivermectin
359,big turnout cnn center atlanta cnn scumbag news channel nomore
360,look hilarious memes surfaced social media ajithkumar requested
361,drill meme change join stay tuned chance win private
362,tv interviews last year trump implied gold star families infected covid reception
363,china lost straight sets china losing war world
364,aerial video provided ministry transportation shows much highway 1 damaged jackass mountain
365,mass streaming event stationhead streaming tonight kst repost pub
366,citigroup chosen union bank philippines preferred bidder acquire consumer banking assets
367,giveaway alewrapped present 20 busd bnb ends 3 days banknote yen sign
368,shhh tell evangelical supporters israel abortion legal often free
369,vaccine santaco supports mandatory jabs
370,update upcoming jtbc drama unveils jung hae blackpink jisoo series set
371,banged
372,read letter commissioner
373,watch interview full gb news website
374,news league amp american jewish committee condemning fox staying silent lara logan doubles
375,patriot maven notebook nordin released mac marks mj10 patriots nevsbuf foreverne
376,follow daily nft news part community nfts nft digitalart cryptoart
377,big ass sex trafficking trial frontpage news internet lets know corporations
378,huge news liquidity bootstrapping fair launch available beethoven
379,one thing learned eight years dating scene men even positions power
380,morrison gov must explain many children ndis plans cut 7 liv lives
381,ethereum whales accumulate billions shiba inu shib adoption grows information
382,judge order hospital treat ivermectin
383,omicron covid variant europe south african scientists detected flagged world
384,3 begum husband abdul momin converted hindu girl muslim complaint filed lovejihad
385,live alone preview visits hometown daegu 3 years amp finds forgetting
386,also worth noting last minister preside leave corrupt good
387,hot news straight oven new nftindex tool also available avalanche blockchain
388,major league baseball implemented lockout first work stoppage sport 26 years news espn
389,breaking news say anything retweet claim prayer today
390,rise maulana
391,tomorrow night episode live alone key visits home town daegu 3 years key
392,covid need cancel christmas party plans javid
393,rajkot shocker beaten death younger brother minor tiff gujarat rajkot crimenews
394,one reason hate fox news foxfakenews
395,discover latest news offers citroën new issue insight including first look new c5 x
396,learn trump tested positive covid19 3 days first debate joe biden says
397,live round fired alec baldwin could left previous film search warrant
398,update upcoming jtbc drama release character posters jung hae blackpink jisoo premiere
399,update upcoming jtbc drama unveils jung hae blackpink jisoo series set
400,pmqs pm fire 10 lockdown christmas parties 83 year old dad told dying would
401,nbcnews one four women say groomed sex ghislaine maxwell testifies jeffrey
402,crypto pyramid scheme capitalism terrible news capitalism
403,major news lemniscate amp savior 20 game gift box finish tasks earn rewards see
404,breaking news low pressure got even stronger depression system started
405,clarence thomas specific right constitution allows abortion
406,micron short sound mega long sound men bad news
407,news jennie literally trending everyday deserve
408,crypto pyramid scheme capitalism terrible news capitalism
409,super privilege pick finger award jokekeeper london overnight judged panel
410,today justice amy coney barrett suggested ok force woman give birth women simply drop
411,yes correct save read thanks shit internet anthony albanese says
412,brighter ini rocketeer brighter cardio killing runway ini ver one ini ver
413,news channels reporting alleged breach covid rules downing street year ago grubby mirror started
414,takes look global ewaste reduced companies better protect
415,clip dr aseem malhotra gb news talking research linking heart disease vaccines
416,hongkong tomorrow mark one year jail jimmy lai apple daily founder rsfawards2020 laureate
417,look proper channels gone science settled
418,trump take innocent taking 5th good question
419,capitol riot defendant cried interview using stun gun officer officials say
420,let get bearded mickey trending vegas display make news worked really hard
421,read letter commissioner
422,godmorningwednesday stop drinking lead hell death alive
423,asian markets mixed wall st decline virus unease finance financial cryptocurrency
424,think best thing respond conspiracy theories pushed including
425,white media keeps trying push flash mob looting narrative trying tie black people
426,us sell stuff get civilians small time stuff much chance
427,luke skywalker continues journey discover jedi secrets marvel star wars 19
428,songhyekyo x jangkiyong umbrella rainy day jang ki yong holding umbrella song hye kyo saying
429,facebook meta says identified deleted 50 facebook instagram groups accounts linked
430,meta new threat report reveals behind initial spreading fake swiss scientist wilson edwards
431,jtbc unveils photos first script reading session upcoming drama first broadcast
432,felt raw weeks news utterly heart wrenching even comment much time
433,43 woman good news
434,talking abt drake gon na b upset hears riri news
435,jtbc unveils photos first script reading session upcoming drama first broadcast
436,ohmpawat twentyfour news 011221 โอมนนน ohmnanon real life heart dating someone right
437,browns defensive snap counts stats notes week 12 nflbeast nfl
438,breaking news say anything retweet claim prayer today
439,current situation media bcoz showing news unemployment godi media silent
440,every take break news watch maddow night
441,news
442,meet today review omicron rules airports read
443,march 14 protests yangon hlaing tharyar township myanmar security forces deliberately encircled
444,new jersey devils disappoint unwhelming new third uniform
445,kiss strangers mistletoe minister
446,spotifywrapped top group 2021
447,news foreign students stranded japan reached top 3 topics weibo china
448,share good news know genuinely happy
449,help views promoting happy get perform bigger stage newest song
450,prabhas starrer radheshyam second single nagumomuthaarale
451,tamil nadu sri kanaka kaleeswarar temple run tapovanam trust kept conversion bay demolished trustees
452,stupidity full display billionaire proving doable even
453,university california irvine launches online certificate course cloud
454,unacademydatabasehacked news unacademy database 22million users hacked information put
455,report states findings mechanism help ensure family justice system culture
456,would refreshing conservatives supreme court longer felt need lie us lying
457,major league baseball implemented lockout first work stoppage sport 26 years news espn
458,news articles ak recent press release ak ajithkumar valimai
459,pretty legit big rug pull frens news coming meantime write going
460,looking ahead worldskills conference 2022
461,breaking news prosecutors announce parents committed yesterday school mass
462,congratulations good news bitcountry metaverse
463,democrats offer compromise unborn babies person
464,bourla misspoke quite times interview said pediatric dose
465,good news salt bot completely wrong math believe
466,three oxford high school students killed tuesday afternoon mass shooting identified
467,biggest cancer catastrophe ever hits britain doctors amp public health policy experts government
468,real listing announcement news today real already listed gate
469,breaking news say anything retweet claim prayer today
470,exciting news yuri felsen bryan rescued oblivion russianproust emigreliterature
471,sa enters 4th wave 7 provinces record sustained increases new infections
472,good news uk crazy buy mrna vaccine
473,cannabiscommunity marijuana cannabis south orange task force discusses standards cannabis retail town
474,breaking news marshall liberal government trying shutdown saparli 3 may 5
475,continuous parade witnesses turning hostile victims malegaon 2008 blast write nia place letter court
476,type marketing effort need love news page
477,stakeholders charge uzodimma adequate budget imo guardian nigeria news nigeria
478,heartbreaking news popular jockey chris caserta heart goes family friends
479,new reuters chairman pfizer investor board member last year alone reuters published
480,upon hearing news liberation lilabela celebrated friends ethiopian restaurant
481,antivaxxer christian broadcaster marcus lamb dies covid battle via
482,thank writing helpful article json beginners javascript object notation explained
483,news today crew change crisis eases concerns rise omicron variant maritime
484,make space nasa newest telescope highly advanced masterpiece technology expected launch
485,breaking news south african medical research council announced horses conquerers
486,jury nevada found one nation largest health insurers liable underpaying millions dollars
487,omicron covid variant europe south african scientists detected flagged world
488,fake news
489,breaking news stacey abrams announced would run governor georgia 2022 aiming unseat gov brian kemp
490,ni protocol deal christmas unlikely possible says coveney via irish times
491,premier office denies toxic work environment legislature lawsuit rebuttal cbc news
492,ignoring allah caliph nasser mohammed stated news truest words allah
493,venbrook group bolsters east coast presence acquisition fintech insurtech finserv
494,emmanuel macron boris johnson britain
495,breaking news idm already press releases news articles published even yahoo bloomberg
496,cafc airdrop value 6 cafc referral cafc news cafc token exchange pancakeswap
497,think gang street capital racially abusing victimising
498,let bring babygirl home community everything share amp spread word know guys know
499,figure skating grand prix final canceled omicron threat gp gpfinal
500,breaking news mnl48 baby blue announced first single japanese market titled head
501,emmanuel dennis scores watford lucky chelsea wins news daily sports nigeria
502,drive amp announcement start trading 1 hour
503,government miscalculates petrol price hike
504,extra opens 6m shopping complex provides jobs around 142 people fijinews teamfiji business
505,time america never divided decides divide even bbc news supreme court
506,sick lies amp assumption seeing six clock news
507,hours introduced max scherzer mark canha starling marte eduardo escobar
508,lest forget school shooters youth kill gun obtain firearm
509,fake news
510,good news several states pushing back great reset state treasurer
511,declaration bandits terrorists fg must crack usman retired brigadier general punch
512,shivangi entered along samridhi bawa randeep rai male leads shivangi returns anandi
513,tokyo start flagging electric scooter users minor offenses
514,breaking news makers decide top 2 season voting week pratik still
515,abortion rights advocates vow fight supreme court hearing
516,contractor instructed remedy defects tuschen road ministry
517,beijing2022winterolympics less 70 days away follow reporter find one main
518,agents misusing online booking app cheat devotees siddhivinayak temple congratulations exposing
519,three court trials man jailed shooting canberra south
520,strongest evidence yet trump debated biden aware sick covid
521,ca hate better misconception around feeling guilt versus shame
522,missed us family man believed killed adelaide drug dealers speak
523,nsw man alleged rampage tasmanian covid quarantine hotel
524,great news 4th house representative district essex county massachusetts jamie belsito
525,meet today review omicron rules airports read
526,news broke two hours ago busy tweeting 1st quarter nba layups notice
527,factbox grab debuts nasdaq marking biggest southeast asia listing
528,remembering katie amp high reporter killed carbon monoxide
529,leftrightcentre generally viruses evolve becoming less severe prof salim abdool karim director
530,minister stand aside allegations take
531,jen psaki announces president biden visit family traumatized waukesha suv driver
532,india russia ink deal putin visit next week read story indiarussia
533,jeffrey epstein introduced trump 14 ghislaine maxwell accuser says nbc news
534,child used father gun kill four students school instead using legislative powers
535,comment arbiter peter fitzsimons caned nutters flying flag protests
536,jay b signed polaroids jayb
537,huge news liquidity bootstrapping fair launch available beethoven
538,woman steals box child black friday melee plays victim scaring
539,deliver arab channels global news websites make trend 3 days imam nasser
540,according league order comply federal labor law lockout mlb making every effort
541,bit parker recent foray politics
542,ahhh see still hurts looool worry week wo remember
543,welcome
544,diwali festival 2021 celebrated annually kartik amavasya year november readers must know
545,elected mna repeatedly denied bail prevented attending parliament critical
546,supported 36 million grant african development bank group mozambique energy project
547,maybe yet said actually wants encourage chinese government
548,crypto pyramid scheme capitalism terrible news capitalism
549,despite protections legal framework like roe provides never enough continue
550,wait share exciting news dogecoin list bitmart soon
551,eight core sectors output grows october via namo app
552,breaking news drop nfts
553,dog named bama supposed getting plane miami owner found
554,coldwater river rises near merritt higher recent storm
555,women refugees bearing brunt gambella forgotten crisis ethiopia today jewi
556,breaking news think secure unconditional release stop rev
557,lemon coalition fights keep covidsafe app data wraps
558,watch interview full gb news website
559,senator cynthia lummis claims federal reserve treating blockchain banks home
560,breaking news low pressure got even stronger depression system started
561,ca wait loinie kilig
562,james golding held teammates nathan herne aaron cameron claim s5000 tasman series opener
563,team leader jay b
564,5 takeaways landmark abortion hearing supreme court cbc news
565,squid game kim taehyung went viral literally everywhere trending naver main page viewed news
566,went hulu ca even find calling thing documentary news piece
567,breaking news say anything retweet claim prayer today
568,biden hits back exclusion beijing games simon american duly carries quintessentially
569,beauty amp blood nft game runs binance smart chain platform click link
570,land dispute ended israeli court ruling evict 3 families make
571,keep voting umarriaz best contestant season app news nishant amp rajiv save
572,wish december full good news lots luck
573,hindus thwarted attempt railway authorities demolish 50 year old shri chamundeshwari temple bangalore
574,vggs2022 would showcase gujarat preparedness leading country realize pm shri vision
575,first us omicron case adds global alarm virus live news
576,drill meme change join stay tuned chance win private
577,breaking news stacey abrams running georgia governor 2022 retweet right spread news show
578,hope pratik v safe ho nishant hospitalized na hua ho nd sab fake news ho pranish pratiksehajpal pratikfam
579,breaking news mnl48 baby blue announced first single japanese market titled head
580,heads aces bgyo link
581,talking response matt hancock called called help supply guess
582,winkarma crazy proud bulk buying cds ended donations aka polution today news mino
583,come grown man word written afford stamp
584,well news lockout guess good time bring back live abs pros want come
585,mhtcet results 2021 announced october 27th cet cell also released documents statistics
586,meta new threat report reveals behind initial spreading fake swiss scientist wilson edwards
587,macron called boris johnson un clown french press reports
588,waterdisruptions nahconfirm 16 seasons baddrol bakhtiar left kedah join sabah borneo club
589,take keith howland news please
590,need market turn green volume jump back many people trying decide
591,kemp ridley sea turtle washes beach near liverpool
592,choked news starved history durant
593,grogu soars new york city memorable macy thanksgiving day parade appearance
594,one four women say groomed sex ghislaine maxwell testifies jeffrey epstein took
595,chinese property developer kaisa make break moment may hours away latest debt crisis china
596,guess read want like players gon na cave always
597,coverage hiteshkhristy qcafefilms sectorbalakot filmmaking films
598,one four women say groomed sex ghislaine maxwell testifies jeffrey epstein took
599,year already arranged 750 meetings helping entrepreneurs find best possible match
600,arab approves nft
601,trump superspreader year suggested trump likely superspreader white house rose
602,breaking photojournalist sean locked account targeted
603,shibarmy freaking selling shib based fud news sweetest donuts box shibarium
604,winkarma crazy proud bulk buying cds ended donations aka polution today news mino
605,sorry hear sad news
606,meet biden fcc nominee gigi sohn thinks propaganda usa fox news
607,tigard high school walkout shows support students color
608,cardiovascular repair reconstruction devices market analysis manufacturers 2025
609,respectfully would like understanding covidisairborne explain measures schools
610,controversial claim manchester united new boss ralf rangnick made cristiano ronaldo 2016 recently
611,list
612,awful news today buried oz nightmare let remind dude motherfucking
613,save time download inshorts india highest rated news app read news 60 words
614,florida house prices climb demand increases manufactured homes
615,website live completely new design stage 1 website
616,gulf birthday projects another korean news
617,judge order hospital treat ivermectin
618,pinduoduo increases focus r amp steps investments globenewswire agritech
619,artificial intelligence create next art piece houston
620,also starting 30 fully vaccinated canadians permanent residents people allowed entry canada
621,save time download inshorts india highest rated news app read news 60 words
622,fake news
623,making click bate news organization
624,ontario lower eligibility age booster shots people 50 older cbc news
625,quiz block edits jessica jung girls generation photo response divided
626,clumsy attempt connect racism hiv together allocation resources combat
627,congratulations justin exciting news
628,16days activism hear voices survivors learn transformative programmes make
629,huge news liquidity bootstrapping fair launch available beethoven
630,used copy salman khan kid father suniel shetty read ahanshetty exclusive interview
631,5 top ways stay positive avoid news avoid complainers hard projects walk nature help
632,tagger media raises 15 million series b saas influencer marketing social listening
633,omicron variant officially us means next several months democrats news
634,tuned closely dude touch talk raven news
635,nomore fake genocide news
636,danny devito gives thebatman star colin farrell penguin stamp approval
637,good news
638,trump take innocent taking 5th good question
639,disgust xi hit critical mass global zeitgeist baffles remember knew nazi
640,like gasoline military families hawaii say sickened tap water via
641,read letter commissioner
642,travel news msc sa cruises require jabs via
643,list
644,point talking art 370 since ca get 300 seats next general elections ghulam nabi azad track latest
645,yeshu yeshu fame pastor bajinder singh admitted hospital piles treatment truth viral screenshot
646,breaking robert kessler man accused accused killing dismembering stephanie held without bond
647,needs shib ever
648,hardly ever dull day universe especially black holes involved check thread
649,new wrote something thought long time perils journalists making jobs
650,night flight middle east lands jkia offload cargo coffins remains
651,country billion loans world bank yet latest nikkei recovery
652,breakingnewz epstein drove sex slave 14 hunter biden house hunter flew lolita express maga
653,mcdonald could alter menus today address climate crisis amp redefine american fast food looks
654,old news dipsht
655,crazy project crazy crypto skulls crazy tokens collection 7000 unique tokens follow us
656,spotifywrapped top group 2021
657,covid kiss strangers mistletoe minister
658,umararmy keep voting umarriaz dont fall fake news everyone still house wil update theres shocking
659,clumsy attempt connect racism hiv together allocation resources combat
660,news motorway
661,given multiple atrocities purposely omitted urged independent coifortigray
662,ground zero woke universities making disliked disreputable ultimately irrelevant
663,scoop morning told attendee drinks 10 dec 18th
664,acem distressed comments made article published today courier mail emergency healthcare workers care
665,huge news liquidity bootstrapping fair launch available beethoven
666,exclusive families fury boris johnson boozy lockdown christmas parties scandal oneruleforthem
667,reviving kashmir dying crafts youth becomes inspiration bring back glazed pottery
668,800 irish missing someone vital info know
669,novak djokovic father lashed australian open vaccine mandates likening rules blackmail
670,powerful
671,pretty legit big rug pull frens news coming meantime write going
672,westminster ignores request review electric grid charges costs scottish electricity producers
673,insider guide difference fia fom f1 latest
674,traditional leaders critical role shifting cultural beliefs justify perpetuation
675,pretty legit big rug pull frens news coming meantime write going
676,wa nationals mp former bunbury councillor james hayward charged child sex offences csa childsexualabuse western
677,crypto pyramid scheme capitalism terrible news capitalism
678,16days activism hear voices survivors learn transformative programmes make
679,news earthquakes extend loan june 2022 vamossj
680,share good news know genuinely happy
681,prabhas starrer radheshyam second single nagumomuthaarale
682,nsw man alleged rampage tasmanian covid quarantine hotel
683,great news 4th house representative district essex county massachusetts jamie belsito
684,lest forget school shooters youth kill gun obtain firearm
685,umararmy keep voting umarriaz dont fall fake news everyone still house wil update theres shocking
686,mamatabanerjee national anthem alleges west bengal bjp nationalanthem westbengal
687,news minute journalist dehumanises death legendary telugu lyricist sirivennela seetharama sastry deletes
688,sporty plumber 26 dies 12 days getting pfizer covid vaccine daily mail online
689,tesla officially followed promise move corporate headquarters california texas
690,omicron turns less feared sure people attack experts fwiw
691,sebastian vettel draggy car aston martin f1 main 2021 weakness via f1
692,nba trail blazers damian lillard miss least 10 days lower abdominal injury
693,decoding post pandemic work culture transitioning old normal made easy
694,pm modi launch development projects worth cr dehradun 4 dec
695,bad news smokey feline hiv means around cats need find home
696,sweetheart kim taehyung u baby bear
697,shattered oxford high school students killed shooting identified
698,wondering forced step lord last year expelled sexually exploiting
699,news update schools central visayas part 177 schools joining limited
700,thrilled absolutely stunned wake morning news 30 30 honoree
701,fixed mortgage interest rates 2 per cent gone big four banks investors dive via
702,crypto pyramid scheme capitalism terrible news capitalism
703,according league order comply federal labor law lockout mlb making every effort
704,unemployment hitting better qualified south africans face unemployment sa longer limited
705,news view crunchyroll panel schedule
706,howlomeow furiends impawtant pawtrol news today nationalmuttday millions wonderpaw mixed breeds dogs
707,loyola got 20 points 16 used big second half open play
708,aew rampage prediction amp match card december 3 2021 aewrampage
709,tigray tigrayfamine un humanitarian flights convoys ethiopia capital addis ababa mekele
710,beating bills blitz jones mcdaniels talk challenges presented buffalo defense patriots
711,imagine public reaction bbc balls put something like six clock news
712,travel news thailand bans sa visitors via
713,4 neutral news hospitalization rate pace waves lagging indicator
714,uae enacts largest legal reform history major changes include stronger safeguards women action
715,safepal bifrost request network soar bitcoin price hits 59k
716,huge news liquidity bootstrapping fair launch available beethoven
717,novak djokovic father lashed australian open vaccine mandates likening rules blackmail
718,year audubon photography awards attracts entries capturing rare unusual moments avian world
719,update upcoming jtbc drama unveils jung hae blackpink jisoo series set
720,north korea warns uk blasts new security deal us download
721,day 7 years ago kh hd remix launch event walt disney animation studios showed early
722,interesting news source claims chinese wing loong drones flying harar meda
723,squid game kim taehyung went viral literally everywhere trending naver main page viewed news
724,mukesh bhatt claim 14th june knew sushant would one day commit suicide know
725,make space nasa newest telescope highly advanced masterpiece technology expected launch
726,virustotal collections feature helps keep neat ioc lists
727,love country exclusive interview gb news former president donald trump gives
728,letters editor 2 2021
729,charlie received months care rehabilitation rescued outbuilding along
730,buys two exchanges ig group 216 million via
731,list
732,crypto tonight youtube channel hidden crypto industry news interviewed 30 brands
733,billboard real time hottrendingsongs update dec 1 2021 last 7d mewsuppasit
734,covid news first omicron patient fully vaccinated mild symptoms
735,good news updating name via gp name change nhi done admin staff gp practice
736,follow get latest national international business news updates worldwide
737,bombay high court granted bail activist lawyer sudhabharadwaj bhima koregaon case
738,breaking news prosecutors announce parents committed yesterday school mass
739,good news turkey new finance minister doctorate bad news nothing finance
740,one four women say groomed sex ghislaine maxwell testifies jeffrey epstein took
741,court overturns roe abortion illegal wisconsin michigan arizona day decision handed
742,shehnaaz gill steps visit orphanage spotted wearing sidharth shukla specs
743,congrats ecosystem partners building open decentralized
744,squid game kim taehyung went viral literally everywhere trending naver main page viewed news
745,talking abt drake gon na b upset hears riri news
746,told chance pretty high spy little eye something beginning spot
747,mentioned radio news bulletins
748,breaking news running governor great state florida believe us yo confío en
749,ya allah make december month full good news blessing happiness take care mental health
750,breaking news ctek regional health system signs new agreement cynergistek
751,professor jailed circulating mamata cartoons compensated says court ndtv 2019
752,huge news liquidity bootstrapping fair launch available beethoven
753,let buy land let go miami let make make memes let read latest news
754,winkarma crazy proud bulk buying cds ended donations aka polution today news mino
755,bothell high school announced close campus thursday move remote learning friday
756,kim kardashian wanted work bollywood film chose salman khan shah rukh khan kimkardashian
757,western australian nationals mp james hayward charged child sexual abuse year
758,average 7 point drop iq covid great news average intelligence
759,sadly izabel still died
760,emmanuel macron boris johnson britain
761,finally makes appearance public noble cause visits orphanage ahead
762,fake news
763,new nearly unhoused people died streets los angeles pandemic according new research
764,investigator republicans wisconsin 2020 election review sought overturn biden victory cbs news
765,new goldman ceo david solomon deputies pushing new ways juice pay
766,household power bills fall 77 year developers bet renewables
767,professor epidemiology university toronto calls policy covid19 exposures
768,jisoo x jung ganghwa snowdrop script reading video released exceeded 1 million views
769,rittenhouse sends lebron james lemon drops help get covid
770,judge order hospital treat ivermectin
771,breathing room battery swapping changes everything swapandgo
772,eskom employees break powerplants cause make extra money report one south africa
773,widespread demolition move karachi scheme make china town altaf hussain
774,shocking report claims kashmiri children lost parents covid19 sale indian markets
775,61 year old man mobility scooter shot back 9 times tuscon officer disgusting
776,emmanuel macron calls boris johnson charge french media reports
777,great news solved sudoku puzzle yet easily solve little guide
778,safedrive drive driveisaping
779,good news armani says angora wool part new policy
780,anything involing floyd would bad news
781,new report accuses mlb secretly using 2 different baseballs 2021 season potentially affecting players
782,
783,one four women say groomed sex ghislaine maxwell testifies jeffrey epstein took
784,wall street secret elon musk seriously two articles exposed
785,upon hearing news liberation lilabela celebrated friends ethiopian restaurant
786,big news federal judge ruled la county attorneys request qualified immunity defense
787,peng liyuan sends best wishes students hiv world aids day
788,justiceforrailwaystudents crossed tweets media news paper seen 1 tweet
789,instagram reels exclusively baby yoda dogs babies perfection need figure
790,peng liyuan sends best wishes students hiv world aids day
791,cnn sent news crew woman lawn find facebook page still know thing darrell
792,darrell brooks suspect waukesha parade carnage says feels demonized
793,
794,news excited happening brilliant
795,read letter commissioner
796,78 days project review reuters photojournalists captured photos using numbers protocol thereby
797,crypto tonight youtube channel hidden crypto industry news interviewed 30 brands
798,palm drops 2 omicron variant worries weigh via mettisglobal palm omricon update
799,
800,congratulations fantastic news
801,tata power arm bags india largest solar battery storage project worth rs 945 crore
802,today turning point cryptotanks proudly say private round completed raising
803,potential cancer cases urgently referred gps missed since first
804,drake sees riri news
805,boys paying taxes maintanence alimony
806,amazing confusion aired fox news last night describe watch
807,great news 4th house representative district essex county massachusetts jamie belsito
808,55 teenagers victoria alone suffering heart problems injected experimental jabs
809,upon hearing news liberation lilabela celebrated friends ethiopian restaurant
810,much updated news daily basis deaths sad shameful bjp response
811,new mixing amp actually think professional mix engineer would cool way
812,good news salt bot completely wrong
813,buy solana right solana crypto blockchain blockchainnews
814,congratulates romania national day
815,another good news qiu jiongjiong new old play haf18 wip film
816,2021aaa ive wonyoung super junior leeteuk mc asia artist awards happening tonight source
817,pretty legit big rug pull frens news coming meantime write going
818,pakistan vs bangladesh green shirts gear dhaka clash training session geo news pakistan vs
819,thailand banking crypto tourism plus huobi new hq outside mainland china details today
820,news endsars corpse stranded abuja mortuary bill
821,girl 3 suffers organ failure inflammatory condition covid
822,six asylum seekers offered bridging visas released detention via
823,new report accuses mlb secretly using 2 different baseballs 2021 season potentially affecting players
824,still looking young men carjacked woman hit car crashed home
825,pleased share report situational awareness systems made act rural fire
826,hype doubt follow nigel farage interview donald trump gb news sections
827,drill meme change join stay tuned chance win private
828,sturgeon forced play long game second referendum martin kettle news
829,cybersecurity insurer expands availability product fintech insurtech finserv
830,link
831,omicron covid variant europe south african scientists detected flagged world
832,abfrl 39 3 details loss certificate duplicate certificate
833,2022 nab afl women fixture arrived check aflw
834,breaking news think secure unconditional release stop rev
835,trump take innocent taking 5th good question
836,yeshu yeshu fame pastor bajinder singh admitted hospital piles treatment truth viral screenshot
837,well quick
838,tucson police officer association attorney mike storie said officer ryan remington another option
839,smart watch pls get ur heart checked regularly hospital early detection issues help
840,great news heard start today many many congratulations sherni huge
841,say think extra traffic worth ontario line stations complete
842,bts dynamite outperformed hits olivia rodrigo ariana grande
843,news disappointed kanu lawyer says orji kalu
844,02 dec 2021 naver news articles 9pm kst like recommend share 1 2
845,alec baldwin breaks first interview rust shooting killed haylna hutchins says would never
846,biggbosstelugu5 sodhi reddy fake news saying everyone got bubbles legs sreeramachandra
847,intrigued 10 claiming break rules parties run christmas last year
848,us president joe biden denounced rising antisemitism called senate confirm nominee
849,lot big names move winter
850,sizzling hot look chie filomeno showed bikini body sexy photo shoot stint 2022
851,short bets asian fx rise omicron uncertainty grips markets reuters poll
852,faltering global vaccination effort paved way alarming variants vox
853,reading covid trigger rare blood clots astrazeneca jab found scientists
854,upgrade stps biogas plants delhi 12 15 months satyendar jain jain instructed officials upgrade
855,news week plan last pre alpha test going full private sale edition 1 nfts flew
856,whole ass news cancelled due shitty weather even know possible
857,lummis says fed law wyoming blockchain bank delays cointelegraph
858,country billion loans world bank yet latest nikkei recovery
859,golf news hot press new tiger woods swing video fuels comeback speculation
860,jay leno tesla probably years ahead battery technology compared
861,expect least 7 years downtown toronto traffic delays ontario line construction 30 minutes
862,short bets asian fx rise omicron uncertainty grips markets reuters
863,news demon slayer tv anime heads towards entertainment district arc new english subbed trailer
864,michigan school shooter charged adult via
865,news police fined n15m detaining seven boko haram suspects without trial
866,badshah arrives late shoot kirron kher gets angry says aapki mummy ko shikayat lagaungi bollywood
867,lummis says fed law wyoming blockchain bank delays cointelegraph blockchain
868,az repugnant journalists nothing paid activists democrat party
869,wearing gloves
870,block b confirms special appearance upcoming tvn drama cells play role control z
871,karina ranks 1 top star news global brand value kpop queen survey votes
872,la liga karim benzema nets winner real madrid go seven points clear football news
873,ethiopian prime minister stripped nobel peace prize jeremy hunt evening standard
874,02 dec 2021 nate news articles click 1st emoji upvote share 1 2
875,figure skating grand prix final canceled omicron threat gp gpfinal
876,experienced perhaps harshness politics said day jenkins review
877,rihanna named national hero barbados nothing nothing compares recognized soil
878,breaking news one 10 medical colleges endorsed commissioned report health
879,share good news know genuinely happy
880,la liga karim benzema nets winner real madrid go seven points clear football news
881,pretty legit big rug pull frens news coming meantime write going
882,breaking news marshall liberal government trying shutdown saparli 3 may 5
883,modi headed data govt crosses limits callous amp inhuman farmer died kisan
884,news musicalyour lie april new poster released japanese romantic drama manga series
885,drive amp announcement start trading 1 hour
886,breaking amp historic news us set build beautiful amp powerful electric hypercar
887,yeshu yeshu fame pastor bajinder singh admitted hospital piles treatment truth viral screenshot
888,planned parenthood executive looking nervous someone going lose 3 revenue
889,breaking news prosecutors announce parents committed yesterday school mass
890,know news lol
891,coming game pass dec 2 anvil archvale lawn mowing simulator rubber bandits stardew valley
892,nope
893,one scotland talented rugby players inspiration many suddenly passed away age
894,confirms omicron covid19 variant 23 countries full list
895,bad news omicron wtf
896,covid patient left dead recovers court forces hospital allow ivermectin treatment
897,protesters descend singleton court caledonian hotel publican convicted covid offences screamed
898,disruptive use gun crowded park picket
899,big pharma bee lyin agin many months ago novavax discover variant create vaccine
900,share good news know genuinely happy
901,get news cnn reason eat toilet roger stone
902,breaking news prosecutors announce parents committed yesterday school mass
903,shane warne says choosing one contenders batting role would backwards step
904,breaking news president biden extend mask mandate travelers airplanes trains buses person familiar
905,vggs2022 would showcase gujarat preparedness leading country realize pm shri vision
906,news dablu singh killed farhan shahalam says dablu friend farhan sister farhan
907,bolster enterprise agility managed service offerings
908,department education chunk
909,one reason hate iphone like golden child
910,huge news liquidity bootstrapping fair launch available beethoven
911,breaking news ipob leader appear abuja court tomorrow 2nd december 2021 stay tuned
912,good news
913,us food drug administration granted fda permission produce world first antiviral
914,cara delevingne joins murders building season 2 cast
915,breaking news mnl48 baby blue announced first single japanese market titled head
916,bought private plane ppp money ca spread good word flying commercial
917,binemon binemon news
918,bjp leader mumbai filed complaint cm mamata banerjee allegedly singing national anthem
919,mss november fest 2021 charts amp news annual awards games new mv public events tiktok
920,help us locate nicholas cross last seen gosford may travelled sydney west
921,christian tv network ceo marcus lamb dies covid
922,ucsf scientists look omicron variant got bay area
923,ive absent awhile invitro failed wife finally wonderful news 7 long
924,name selected final list top 100 women icons india 8500 nominated list across nation
925,safemoon whale made 60 million 500
926,december arrived time get festive sponsor tayto win selection box including 8
927,halifax hockey player called ice three years ago says subjected
928,news soon
929,new report accuses mlb secretly using 2 different baseballs 2021 season potentially affecting players
930,breaking news say anything retweet claim prayer today
931,lol outraged shit like black lives
932,justiceforrailwaystudents crossed tweets media news paper seen 1 tweet
933,senator tell woman kept legs closed without resigning minister
934,federal minister education youth alan tudge stepped aside former media adviser
935,post edited dream come true teen gets march disney world band
936,wall street secret elon musk seriously two articles exposed
937,players making money ever
938,huge news liquidity bootstrapping fair launch available beethoven
939,stay safe folks
940,breaking news show painstakingly showrunning past two years finally release date
941,crypto pyramid scheme capitalism terrible news capitalism
942,whatever limp dick
943,hi sanah news next update besides guys said q amp
944,kim kardashian wanted work bollywood film chose salman khan shah rukh khan kimkardashian
945,man accused driving suv christmas parade suburban milwaukee killing six people injuring dozens
946,like hell struggle save afghanistan starving babies
947,zlatan ibrahimovic happy manager pioli time extend contract smiles
948,belonging fishermen community maulana tells dawn father grandfather fishermen
949,moderna working booster vaccine expected ready soon early next year protect
950,always favorite news day
951,rise intense proper displays elevated tensions latin america
952,new slow news day hall fame guest seahawks mac jones everything goes rails watch
953,heartwarming news many warfronts congratulations ethiopians eritreans amp fellas usa
954,new us bill signed law ban use scalper bots used target game consoles
955,using mob power control google ceo twitter ceo etc push political narratives jnu passouts
956,reminder activist toobin reportedly tried pressure woman cheating wife
957,huge news liquidity bootstrapping fair launch available beethoven
958,karina ranks 1 top star news global brand value kpop queen survey votes
959,news related csmcri outreach program related covered lok sansar newspaper
960,sources say rihanna pregnant asap rocky baby photos barbados appear show bump
961,prevention state committee holds 17th meeting
962,yeah always suggest plus
963,going come know
964,tomorrow night episode live alone key visits home town daegu 3 years key
965,jen psaki announces president biden visit family traumatized waukesha suv driver
966,breaking news say anything retweet claim prayer today
967,breaking news cats hardcore parkour living room
968,excited see continued momentum digital modernization contracts today
969,illinois family whose loved one hospitalized put ventilator says home
970,omicron covid variant europe south african scientists detected flagged
971,lush green wasabi leaves terraced fields autumn foliage trees surrounding present strikingly
972,jrntr announces big donation flood relief ntr apfloods andhrapradesh floods news tollywood indiaglitztelugu
973,solo journey locations new locations journey alone half 6
974,kmedia reports bts already stated intention would attending year mama
975,producer amy pascal tells us spidermannowayhome last mcu movies getting ready make
976,judge rule kakamega high school case friday
977,shiver timbers old pirate breaking news wan na know knew old well grey
978,huge news christina aguilera
979,border clash iranian media say taliban forces opened fire iranian farmers thinking
980,kim seonho confident actor chose read script instead tuxedo oh strong focus
981,breaking news mnl48 baby blue announced first single japanese market titled head
982,winkarma crazy proud bulk buying cds ended donations aka polution today news mino
983,follow money cloud r amp generative biology robotics
984,families several victims died travis scott performance astroworld music festival
985,insurers pledge stop billing tenants accidental property damage win renters
986,reply questioners say shall find news word allah exalted imam nasser
987,reading goin internet look curious amp reading news absorbing information
988,read letter commissioner
989,prince harry compares covid vaccine inequity hiv struggle
990,terance mann luke kennard score 19 points loss sac wednesday
991,funny misspelling name got retreat news
992,crypto pyramid scheme capitalism terrible news capitalism
993,elise stefanik got chair trump fan also active trying get republican women
994,one four women say groomed sex ghislaine maxwell testifies jeffrey epstein took
995,scoop morning told attendee drinks 10 dec 18th
996,felt raw weeks news utterly heart wrenching even comment much time
997,bad news travels fast travelfail fallontonight
998,devastating news distinguished creative soul fashion industry left us soon rip
999,child used father gun kill four students school instead using legislative powers
